Photo,Name,Price,Description,Brand,Department
cathouse.jpg,cat house MEOW,$100,BFF Cat Food Recipes are formulated to meet nutritional levels established by the AAFCO Nutrient Profiles for Adult Maintenance. Feed according to the age size and activity of your cat. If fed alone feed 1.0 oz for each pound of bodyweight daily best fed tw..., BFF,	some tags
productphoto.jpg,BEST FELINE FRIEND 10OZ TUNA & CHICKEN 4EVA RECIPE (IN GRAVY) CAN,$100,BFF Cat Food Recipes are formulated to meet nutritional levels established by the AAFCO Nutrient Profiles for Adult Maintenance. Feed according to the age size and activity of your cat. If fed alone feed 1.0 oz for each pound of bodyweight daily best fed tw..., BFF,	some tags
productphoto.jpg,BEST FELINE FRIEND 10OZ TUNA & CHICKEN 4EVA RECIPE (IN GRAVY) CAN,$100,BFF Cat Food Recipes are formulated to meet nutritional levels established by the AAFCO Nutrient Profiles for Adult Maintenance. Feed according to the age size and activity of your cat. If fed alone feed 1.0 oz for each pound of bodyweight daily best fed tw..., BFF,	some tags
productphoto.jpg,BEST FELINE FRIEND 10OZ TUNA & CHICKEN 4EVA RECIPE (IN GRAVY) CAN,$100,BFF Cat Food Recipes are formulated to meet nutritional levels established by the AAFCO Nutrient Profiles for Adult Maintenance. Feed according to the age size and activity of your cat. If fed alone feed 1.0 oz for each pound of bodyweight daily best fed tw..., BFF,	some tags
productphoto.jpg,BEST FELINE FRIEND 10OZ TUNA & CHICKEN 4EVA RECIPE (IN GRAVY) CAN,$100,BFF Cat Food Recipes are formulated to meet nutritional levels established by the AAFCO Nutrient Profiles for Adult Maintenance. Feed according to the age size and activity of your cat. If fed alone feed 1.0 oz for each pound of bodyweight daily best fed tw..., BFF,	some tags
productphoto.jpg,BEST FELINE FRIEND 10OZ TUNA & CHICKEN 4EVA RECIPE (IN GRAVY) CAN,$100,BFF Cat Food Recipes are formulated to meet nutritional levels established by the AAFCO Nutrient Profiles for Adult Maintenance. Feed according to the age size and activity of your cat. If fed alone feed 1.0 oz for each pound of bodyweight daily best fed tw..., BFF,	some tags
productphoto.jpg,BEST FELINE FRIEND 10OZ TUNA & CHICKEN 4EVA RECIPE (IN GRAVY) CAN,$100,BFF Cat Food Recipes are formulated to meet nutritional levels established by the AAFCO Nutrient Profiles for Adult Maintenance. Feed according to the age size and activity of your cat. If fed alone feed 1.0 oz for each pound of bodyweight daily best fed tw..., BFF,	some tags
productphoto.jpg,BEST FELINE FRIEND 10OZ TUNA & CHICKEN 4EVA RECIPE (IN GRAVY) CAN,$100,BFF Cat Food Recipes are formulated to meet nutritional levels established by the AAFCO Nutrient Profiles for Adult Maintenance. Feed according to the age size and activity of your cat. If fed alone feed 1.0 oz for each pound of bodyweight daily best fed tw..., BFF,	some tags
productphoto.jpg,BEST FELINE FRIEND 10OZ TUNA & CHICKEN 4EVA RECIPE (IN GRAVY) CAN,$100,BFF Cat Food Recipes are formulated to meet nutritional levels established by the AAFCO Nutrient Profiles for Adult Maintenance. Feed according to the age size and activity of your cat. If fed alone feed 1.0 oz for each pound of bodyweight daily best fed tw..., BFF,	some tags
productphoto.jpg,BEST FELINE FRIEND 10OZ TUNA & CHICKEN 4EVA RECIPE (IN GRAVY) CAN,$100,BFF Cat Food Recipes are formulated to meet nutritional levels established by the AAFCO Nutrient Profiles for Adult Maintenance. Feed according to the age size and activity of your cat. If fed alone feed 1.0 oz for each pound of bodyweight daily best fed tw..., BFF,	some tags
productphoto.jpg,BEST FELINE FRIEND 10OZ TUNA & CHICKEN 4EVA RECIPE (IN GRAVY) CAN,$100,BFF Cat Food Recipes are formulated to meet nutritional levels established by the AAFCO Nutrient Profiles for Adult Maintenance. Feed according to the age size and activity of your cat. If fed alone feed 1.0 oz for each pound of bodyweight daily best fed tw..., BFF,	some tags
productphoto.jpg,BEST FELINE FRIEND 10OZ TUNA & CHICKEN 4EVA RECIPE (IN GRAVY) CAN,$100,BFF Cat Food Recipes are formulated to meet nutritional levels established by the AAFCO Nutrient Profiles for Adult Maintenance. Feed according to the age size and activity of your cat. If fed alone feed 1.0 oz for each pound of bodyweight daily best fed tw..., BFF,	some tags
productphoto.jpg,BEST FELINE FRIEND 10OZ TUNA & CHICKEN 4EVA RECIPE (IN GRAVY) CAN,$100,BFF Cat Food Recipes are formulated to meet nutritional levels established by the AAFCO Nutrient Profiles for Adult Maintenance. Feed according to the age size and activity of your cat. If fed alone feed 1.0 oz for each pound of bodyweight daily best fed tw..., BFF,	some tags
productphoto.jpg,BEST FELINE FRIEND 10OZ TUNA & CHICKEN 4EVA RECIPE (IN GRAVY) CAN,$100,BFF Cat Food Recipes are formulated to meet nutritional levels established by the AAFCO Nutrient Profiles for Adult Maintenance. Feed according to the age size and activity of your cat. If fed alone feed 1.0 oz for each pound of bodyweight daily best fed tw..., BFF,	some tags
productphoto.jpg,BEST FELINE FRIEND 10OZ TUNA & CHICKEN 4EVA RECIPE (IN GRAVY) CAN,$100,BFF Cat Food Recipes are formulated to meet nutritional levels established by the AAFCO Nutrient Profiles for Adult Maintenance. Feed according to the age size and activity of your cat. If fed alone feed 1.0 oz for each pound of bodyweight daily best fed tw..., BFF,	some tags
productphoto.jpg,BEST FELINE FRIEND 10OZ TUNA & CHICKEN 4EVA RECIPE (IN GRAVY) CAN,$100,BFF Cat Food Recipes are formulated to meet nutritional levels established by the AAFCO Nutrient Profiles for Adult Maintenance. Feed according to the age size and activity of your cat. If fed alone feed 1.0 oz for each pound of bodyweight daily best fed tw..., BFF,	some tags
productphoto.jpg,BEST FELINE FRIEND 10OZ TUNA & CHICKEN 4EVA RECIPE (IN GRAVY) CAN,$100,BFF Cat Food Recipes are formulated to meet nutritional levels established by the AAFCO Nutrient Profiles for Adult Maintenance. Feed according to the age size and activity of your cat. If fed alone feed 1.0 oz for each pound of bodyweight daily best fed tw..., BFF,	some tags
productphoto.jpg,BEST FELINE FRIEND 10OZ TUNA & CHICKEN 4EVA RECIPE (IN GRAVY) CAN,$100,BFF Cat Food Recipes are formulated to meet nutritional levels established by the AAFCO Nutrient Profiles for Adult Maintenance. Feed according to the age size and activity of your cat. If fed alone feed 1.0 oz for each pound of bodyweight daily best fed tw..., BFF,	some tags
productphoto.jpg,BEST FELINE FRIEND 10OZ TUNA & CHICKEN 4EVA RECIPE (IN GRAVY) CAN,$100,BFF Cat Food Recipes are formulated to meet nutritional levels established by the AAFCO Nutrient Profiles for Adult Maintenance. Feed according to the age size and activity of your cat. If fed alone feed 1.0 oz for each pound of bodyweight daily best fed tw..., BFF,	some tags
productphoto.jpg,BEST FELINE FRIEND 10OZ TUNA & CHICKEN 4EVA RECIPE (IN GRAVY) CAN,$100,BFF Cat Food Recipes are formulated to meet nutritional levels established by the AAFCO Nutrient Profiles for Adult Maintenance. Feed according to the age size and activity of your cat. If fed alone feed 1.0 oz for each pound of bodyweight daily best fed tw..., BFF,	some tags
productphoto.jpg,BEST FELINE FRIEND 10OZ TUNA & CHICKEN 4EVA RECIPE (IN GRAVY) CAN,$100,BFF Cat Food Recipes are formulated to meet nutritional levels established by the AAFCO Nutrient Profiles for Adult Maintenance. Feed according to the age size and activity of your cat. If fed alone feed 1.0 oz for each pound of bodyweight daily best fed tw..., BFF,	some tags
productphoto.jpg,BEST FELINE FRIEND 10OZ TUNA & CHICKEN 4EVA RECIPE (IN GRAVY) CAN,$100,BFF Cat Food Recipes are formulated to meet nutritional levels established by the AAFCO Nutrient Profiles for Adult Maintenance. Feed according to the age size and activity of your cat. If fed alone feed 1.0 oz for each pound of bodyweight daily best fed tw..., BFF,	some tags
productphoto.jpg,BEST FELINE FRIEND 10OZ TUNA & CHICKEN 4EVA RECIPE (IN GRAVY) CAN,$100,BFF Cat Food Recipes are formulated to meet nutritional levels established by the AAFCO Nutrient Profiles for Adult Maintenance. Feed according to the age size and activity of your cat. If fed alone feed 1.0 oz for each pound of bodyweight daily best fed tw..., BFF,	some tags
productphoto.jpg,BEST FELINE FRIEND 10OZ TUNA & CHICKEN 4EVA RECIPE (IN GRAVY) CAN,$100,BFF Cat Food Recipes are formulated to meet nutritional levels established by the AAFCO Nutrient Profiles for Adult Maintenance. Feed according to the age size and activity of your cat. If fed alone feed 1.0 oz for each pound of bodyweight daily best fed tw..., BFF,	some tags
productphoto.jpg,BEST FELINE FRIEND 10OZ TUNA & CHICKEN 4EVA RECIPE (IN GRAVY) CAN,$100,BFF Cat Food Recipes are formulated to meet nutritional levels established by the AAFCO Nutrient Profiles for Adult Maintenance. Feed according to the age size and activity of your cat. If fed alone feed 1.0 oz for each pound of bodyweight daily best fed tw..., BFF,	some tags
productphoto.jpg,BEST FELINE FRIEND 10OZ TUNA & CHICKEN 4EVA RECIPE (IN GRAVY) CAN,$100,BFF Cat Food Recipes are formulated to meet nutritional levels established by the AAFCO Nutrient Profiles for Adult Maintenance. Feed according to the age size and activity of your cat. If fed alone feed 1.0 oz for each pound of bodyweight daily best fed tw..., BFF,	some tags
productphoto.jpg,BEST FELINE FRIEND 10OZ TUNA & CHICKEN 4EVA RECIPE (IN GRAVY) CAN,$100,BFF Cat Food Recipes are formulated to meet nutritional levels established by the AAFCO Nutrient Profiles for Adult Maintenance. Feed according to the age size and activity of your cat. If fed alone feed 1.0 oz for each pound of bodyweight daily best fed tw..., BFF,	some tags
productphoto.jpg,BEST FELINE FRIEND 10OZ TUNA & CHICKEN 4EVA RECIPE (IN GRAVY) CAN,$100,BFF Cat Food Recipes are formulated to meet nutritional levels established by the AAFCO Nutrient Profiles for Adult Maintenance. Feed according to the age size and activity of your cat. If fed alone feed 1.0 oz for each pound of bodyweight daily best fed tw..., BFF,	some tags
productphoto.jpg,BEST FELINE FRIEND 10OZ TUNA & CHICKEN 4EVA RECIPE (IN GRAVY) CAN,$100,BFF Cat Food Recipes are formulated to meet nutritional levels established by the AAFCO Nutrient Profiles for Adult Maintenance. Feed according to the age size and activity of your cat. If fed alone feed 1.0 oz for each pound of bodyweight daily best fed tw..., BFF,	some tags
productphoto.jpg,BEST FELINE FRIEND 10OZ TUNA & CHICKEN 4EVA RECIPE (IN GRAVY) CAN,$100,BFF Cat Food Recipes are formulated to meet nutritional levels established by the AAFCO Nutrient Profiles for Adult Maintenance. Feed according to the age size and activity of your cat. If fed alone feed 1.0 oz for each pound of bodyweight daily best fed tw..., BFF,	some tags
productphoto.jpg,BEST FELINE FRIEND 10OZ TUNA & CHICKEN 4EVA RECIPE (IN GRAVY) CAN,$100,BFF Cat Food Recipes are formulated to meet nutritional levels established by the AAFCO Nutrient Profiles for Adult Maintenance. Feed according to the age size and activity of your cat. If fed alone feed 1.0 oz for each pound of bodyweight daily best fed tw..., BFF,	some tags
productphoto.jpg,BEST FELINE FRIEND 10OZ TUNA & CHICKEN 4EVA RECIPE (IN GRAVY) CAN,$100,BFF Cat Food Recipes are formulated to meet nutritional levels established by the AAFCO Nutrient Profiles for Adult Maintenance. Feed according to the age size and activity of your cat. If fed alone feed 1.0 oz for each pound of bodyweight daily best fed tw..., BFF,	some tags
productphoto.jpg,BEST FELINE FRIEND 10OZ TUNA & CHICKEN 4EVA RECIPE (IN GRAVY) CAN,$100,BFF Cat Food Recipes are formulated to meet nutritional levels established by the AAFCO Nutrient Profiles for Adult Maintenance. Feed according to the age size and activity of your cat. If fed alone feed 1.0 oz for each pound of bodyweight daily best fed tw..., BFF,	some tags
productphoto.jpg,BEST FELINE FRIEND 10OZ TUNA & CHICKEN 4EVA RECIPE (IN GRAVY) CAN,$100,BFF Cat Food Recipes are formulated to meet nutritional levels established by the AAFCO Nutrient Profiles for Adult Maintenance. Feed according to the age size and activity of your cat. If fed alone feed 1.0 oz for each pound of bodyweight daily best fed tw..., BFF,	some tags
